feature,importance
numeric__price,1319
numeric__rolling_mean_7,1065
numeric__price_difference,953
numeric__rolling_mean_30,839
numeric__rolling_std_7,836
numeric__inventory,744
numeric__month,743
numeric__lag_14,613
numeric__lag_7,603
numeric__lag_1,592
numeric__competitor_price,569
numeric__day_of_week,505
numeric__discount,273
numeric__is_holiday,251
numeric__promotion,185
categorical__category_electronics,78
categorical__product_id_102,57
categorical__category_home,45
numeric__is_weekend,38
categorical__category_sports,34
categorical__product_id_401,30
categorical__product_id_203,28
categorical__product_id_302,22
categorical__product_id_301,16
categorical__product_id_201,13
categorical__product_id_403,12
categorical__product_id_103,10
categorical__product_id_101,9
categorical__category_beauty,9
categorical__product_id_402,7
categorical__product_id_303,1
categorical__product_id_202,1
